,disease_to_gene_occurrences,disease_to_gene_pub_counts,disease_to_int_to_gen_occurrences,disease_to_int_to_gene_pubs,disease_symtpoms_gene_related_to,disease_symtpoms_gene_related_to_count,unique_symptoms_count,gene_to_symptoms_pub_counts,gene_edges_out
CRP,2,0,362,156,['DIARRHEA'],1,1,0,2127
TMPRSS2,2,0,97,202,['DIARRHEA'],1,1,0,502
ACE2,2,0,268,272,['DIARRHEA'],1,1,0,1050
CFTR,1,0,462,1111,"['ABNORMAL LIVER ENZYMES', 'FATIGUE', 'DIARRHEA']",3,3,0,1918
CD4,1,0,970,3542,"['DIARRHEA', 'DIARRHEA', 'DIARRHEA', 'FATIGUE']",4,2,3,7913
CPB2,1,0,140,195,"['DIARRHEA', 'DIARRHEA', 'DIARRHEA']",3,1,0,753
SIRT4,1,0,103,176,['DIARRHEA'],1,1,0,453
APOH,1,0,123,115,['DIARRHEA'],1,1,0,778
SIRT1,1,0,428,707,['DIARRHEA'],1,1,0,3561
GADD45B,1,0,61,76,['DIARRHEA'],1,1,0,385
MAPK1,1,0,770,2402,['DIARRHEA'],1,1,0,11864
OXT,1,0,134,139,['HEADACHE'],1,1,0,925
ATP12A,1,0,152,124,"['DIARRHEA', 'DIARRHEA']",2,1,0,774
MEFV,1,0,202,240,"['DIARRHEA', 'MUSCLE ACHE', 'DIARRHEA']",3,2,0,703
PLAT,1,0,301,517,['DIARRHEA'],1,1,0,2526
FCGRT,1,0,115,119,['DIARRHEA'],1,1,0,621
SERPINE1,1,0,358,439,['DIARRHEA'],1,1,0,1935
C5,1,0,246,147,['DIARRHEA'],1,1,0,1898
MPO,1,0,517,735,['DIARRHEA'],1,1,0,4009
CSF3,1,0,228,150,"['HEADACHE', 'DIARRHEA', 'DIARRHEA', 'DIARRHEA']",4,2,1,923
CCL2,1,0,671,882,"['FATIGUE', 'DIARRHEA']",2,2,1,3879
IL2,1,0,759,2205,"['DIARRHEA', 'DIARRHEA', 'DIARRHEA', 'FATIGUE', 'ANOREXIA']",5,3,2,5767
CTSC,1,0,142,169,['DIARRHEA'],1,1,0,1381
IFNG,1,0,357,258,"['NAUSEA', 'DIARRHEA']",2,2,0,1508
MAPK14,1,0,348,343,['DIARRHEA'],1,1,0,3906
IL4,1,0,395,266,"['DIARRHEA', 'DIARRHEA']",2,1,0,2341
MAPRE3,1,0,61,81,['DIARRHEA'],1,1,0,583
TNNT2,1,0,111,169,"['ARRHYTHMIAS, SUPRAVENTRICULAR', 'DIARRHEA']",2,2,0,663
TTR,1,0,375,399,"['DIARRHEA', 'HEADACHE', 'HEADACHE', 'DIARRHEA']",4,2,191,3146
LGALSL,1,0,40,53,['DIARRHEA'],1,1,0,372
ZC3HAV1,1,0,86,83,['DIARRHEA'],1,1,0,568
NT5C,1,0,60,85,['DIARRHEA'],1,1,0,392
C3,1,0,331,159,['DIARRHEA'],1,1,0,2255
SH2D3A,1,0,100,178,"['DIARRHEA', 'DIARRHEA']",2,1,0,429
FGL2,1,0,81,134,['DIARRHEA'],1,1,0,429
SIRT2,1,0,96,121,['DIARRHEA'],1,1,0,823
TNF,1,0,1683,8797,"['ANOREXIA', 'ANOREXIA', 'ANOREXIA', 'ANOREXIA', 'COUGHING', 'DIARRHEA', 'DIARRHEA', 'DIARRHEA', 'DIARRHEA', 'FATIGUE', 'FATIGUE', 'FATIGUE', 'NAUSEA', 'NAUSEA']",14,5,23,19386
IFNA1,1,0,1043,3605,"['ANOREXIA', 'FATIGUE', 'FATIGUE', 'FATIGUE', 'NAUSEA', 'DIARRHEA']",6,4,7,7673
TP53,0,0,956,7151,"['ABNORMAL LIVER ENZYMES', 'FATIGUE', 'ANOREXIA', 'NAUSEA', 'DIARRHEA', 'HEADACHE']",6,6,0,14024
VEGFA,1,0,949,4342,"['FATIGUE', 'FATIGUE', 'COUGHING', 'COUGHING', 'ANOREXIA', 'DIARRHEA']",6,4,4,11194
AKT1,0,0,918,4598,['DIARRHEA'],1,1,1,16400
EGFR,0,0,913,2172,"['DIARRHEA', 'DIARRHEA', 'DIARRHEA']",3,1,1,9004
IL6,1,0,880,1153,"['ANOREXIA', 'FATIGUE', 'HEADACHE', 'DIARRHEA']",4,4,3,5944
TGFB1,0,0,848,2927,"['HEADACHE', 'HEADACHE', 'ANOREXIA', 'DIARRHEA', 'DECREASED BLOOD LEUKOCYTE NUMBER', 'ENCEPHALOPATHY', 'HEADACHE', 'DIARRHEA', 'DIARRHEA']",9,5,6,9079
INS,1,0,810,3216,"['COUGHING', 'NAUSEA', 'ANOREXIA', 'ANOREXIA', 'FATIGUE']",5,4,11,9555
CAT,0,0,810,1291,"['DIARRHEA', 'DIARRHEA', 'DIARRHEA']",3,1,0,8603
TLR4,1,0,775,1160,"['ANOREXIA', 'ANOREXIA', 'FATIGUE', 'DIARRHEA']",4,3,2,4541
MMP9,0,0,727,1471,"['COUGHING', 'DIARRHEA', 'DIARRHEA', 'FATIGUE']",4,3,3,8056
STAT3,1,0,726,1736,"['COUGH', 'ANOREXIA', 'DIARRHEA']",3,3,1,6659
IL10,1,0,721,800,['DIARRHEA'],1,1,0,3510
CAMP,0,0,673,2055,"['ANOREXIA', 'ANOREXIA', 'DIARRHEA', 'DIARRHEA', 'HEADACHE', 'FATIGUE']",6,4,7,10579
MAPK8,0,0,656,2525,['DIARRHEA'],1,1,0,7641
LEP,0,0,656,1931,"['ANOREXIA', 'ANOREXIA', 'ANOREXIA', 'ANOREXIA', 'FATIGUE', 'NAUSEA', 'RESPIRATORY DISTRESS', 'DIARRHEA']",8,5,105,5866
POMC,0,0,651,1201,"['ANOREXIA', 'ANOREXIA', 'ANOREXIA', 'FATIGUE', 'HEADACHE', 'NAUSEA']",6,4,9,5609
FAS,0,0,640,2891,"['HEADACHE', 'DIARRHEA', 'DIARRHEA']",3,2,0,5882
PIK3CA,0,0,607,1018,"['ABNORMAL LIVER ENZYMES', 'FATIGUE', 'ANOREXIA', 'DIARRHEA', 'DIARRHEA', 'DIARRHEA']",6,4,0,7686
CD40,0,0,601,1067,['DIARRHEA'],1,1,0,3782
CA2,0,0,592,2991,"['FATIGUE', 'FATIGUE', 'FATIGUE', 'FATIGUE', 'DIARRHEA', 'DIARRHEA']",6,2,8,16909
ALB,1,0,589,869,['FATIGUE'],1,1,0,4255
RELA,0,0,589,993,['DIARRHEA'],1,1,0,4386
CXCR4,0,0,581,804,['DIARRHEA'],1,1,0,3770
PTEN,0,0,563,1348,['DIARRHEA'],1,1,0,5807
ESR1,0,0,560,1179,"['HEADACHE', 'DIARRHEA']",2,2,1,5414
CRK,0,0,558,2287,['DIARRHEA'],1,1,0,6981
CISH,0,0,551,967,"['COUGHING', 'DIARRHEA', 'DIARRHEA']",3,2,1,6348
FOS,0,0,534,1096,"['ABNORMAL LIVER ENZYMES', 'MUSCLE ACHE', 'HEADACHE', 'HEADACHE', 'NAUSEA', 'ANOREXIA', 'ANOREXIA', 'COUGHING', 'DIARRHEA', 'DIARRHEA']",10,7,11,7066
NTRK1,0,0,530,336,['DIARRHEA'],1,1,0,2291
CCL5,1,0,528,656,['DIARRHEA'],1,1,0,2432
CCR5,1,0,524,832,['DIARRHEA'],1,1,0,3373
ITGAM,0,0,514,487,['DIARRHEA'],1,1,0,2788
MMP2,0,0,506,966,"['DIARRHEA', 'DIARRHEA']",2,1,1,7392
AR,0,0,501,1388,"['DIARRHEA', 'DIARRHEA']",2,1,0,7003
CD44,0,0,500,692,['DIARRHEA'],1,1,0,3734
MTOR,1,0,500,1097,"['DIARRHEA', 'DIARRHEA']",2,1,0,7017
CDKN1A,0,0,492,1621,"['DIARRHEA', 'DIARRHEA']",2,1,0,7400
SOD1,0,0,486,654,"['FATIGUE', 'DIARRHEA']",2,2,0,2925
MYD88,0,0,481,652,"['FATIGUE', 'ANOREXIA', 'DIARRHEA', 'ANOREXIA', 'ANOREXIA', 'DIARRHEA']",6,3,2,2275
MYC,0,0,479,614,['DIARRHEA'],1,1,0,3503
PTPN11,0,0,470,740,['DIARRHEA'],1,1,0,2897
KIT,0,0,469,544,"['FATIGUE', 'COUGH', 'ANOREXIA', 'DIARRHEA', 'HEADACHE']",5,5,0,4843
C5AR1,0,0,469,554,['RESPIRATORY DISTRESS'],1,1,1,2336
STAT5A,0,0,466,1088,['DIARRHEA'],1,1,0,3516
TH,1,0,464,861,['DIARRHEA'],1,1,0,5797
CXCL8,1,0,464,396,"['FATIGUE', 'DIARRHEA']",2,2,1,3047
HSPA4,0,0,463,957,['DIARRHEA'],1,1,0,2978
ACE,1,0,459,582,"['DIARRHEA', 'COUGHING', 'COUGHING', 'COUGHING']",4,2,3,2842
IL2RA,1,0,454,895,['DIARRHEA'],1,1,0,2549
TIMP1,0,0,452,552,['FATIGUE'],1,1,1,2724
CD14,0,0,451,681,"['ANOREXIA', 'DIARRHEA', 'DIARRHEA']",3,2,2,2616
TLR3,1,0,451,588,"['DIARRHEA', 'DIARRHEA']",2,1,1,1751
SST,0,0,450,877,"['DIARRHEA', 'DIARRHEA', 'DIARRHEA', 'DIARRHEA', 'HEADACHE', 'ANOREXIA', 'NAUSEA']",7,4,20,3608
ESR2,0,0,450,352,['DIARRHEA'],1,1,0,2043
ATM,0,0,449,1016,"['ABNORMAL LIVER ENZYMES', 'FATIGUE', 'ANOREXIA', 'DIARRHEA']",4,4,230,3707
PTH,0,0,447,908,"['HEADACHE', 'HEADACHE', 'ANOREXIA', 'FATIGUE', 'NAUSEA']",5,4,2,4705
ICAM1,1,0,445,310,['DIARRHEA'],1,1,0,1960
ANG,0,0,440,554,"['FATIGUE', 'DIARRHEA']",2,2,0,2525
GRK2,0,0,438,1579,"['DIARRHEA', 'DIARRHEA', 'HEADACHE', 'HEADACHE', 'HEADACHE', 'COUGHING', 'COUGHING', 'FATIGUE', 'FATIGUE']",9,4,15,4431
CD79A,0,0,434,974,"['DIARRHEA', 'COUGH', 'FATIGUE', 'DIARRHEA', 'DIARRHEA']",5,3,4,2629
CDKN2A,0,0,434,1076,"['FATIGUE', 'DIARRHEA']",2,2,1,4888
REN,1,0,430,1197,['DIARRHEA'],1,1,0,5583
EGF,0,0,422,559,['HEADACHE'],1,1,0,3682
CREBBP,0,0,422,502,"['BREATHING DIFFICULTIES', 'DIARRHEA']",2,2,3,3958
IL13,1,0,417,311,"['DIARRHEA', 'DIARRHEA']",2,1,0,2005
CCR2,0,0,417,457,['DIARRHEA'],1,1,0,2443
BRCA1,0,0,414,651,"['DECREASED BLOOD LEUKOCYTE NUMBER', 'DIARRHEA']",2,2,0,3022
HMGB1,1,0,408,518,['DIARRHEA'],1,1,0,1948
TNFRSF1A,0,0,399,716,"['DIARRHEA', 'MUSCLE ACHE', 'ANOREXIA', 'DIARRHEA']",4,3,0,1785
CTLA4,0,0,399,242,"['DIARRHEA', 'DIARRHEA', 'DIARRHEA']",3,1,1,3391
CD28,0,0,398,652,['DIARRHEA'],1,1,0,1965
TLR7,1,0,398,466,['DIARRHEA'],1,1,0,1429
BAX,0,0,397,2076,['DIARRHEA'],1,1,0,5178
RHO,0,0,397,816,"['ANOREXIA', 'ANOREXIA', 'DIARRHEA']",3,2,1,4318
HGS,0,0,396,562,"['ANOREXIA', 'DIARRHEA', 'DIARRHEA']",3,2,2,3759
LOX,0,0,396,525,['COUGHING UP BLOOD'],1,1,0,2569
IGHE,0,0,394,2204,"['COUGHING', 'DIARRHEA']",2,2,4,3111
MAPT,0,0,393,1049,"['BREATHING DIFFICULTIES', 'DIARRHEA']",2,2,0,5774
PTPRC,0,0,393,448,"['DIARRHEA', 'DIARRHEA']",2,1,0,1900
PPARA,0,0,390,558,"['NAUSEA', 'DIARRHEA', 'DIARRHEA']",3,2,2,3462
PIK3CB,0,0,388,837,['DIARRHEA'],1,1,0,4242
PTGS2,0,0,386,420,['DIARRHEA'],1,1,0,4746
CCND1,0,0,386,797,"['FATIGUE', 'ANOREXIA', 'FATIGUE', 'DIARRHEA']",4,3,1,5151
SYK,0,0,384,420,['DIARRHEA'],1,1,0,3496
HSPA9,0,0,384,535,['DIARRHEA'],1,1,0,2027
PPIB,1,0,381,121,"['DIARRHEA', 'DIARRHEA']",2,1,0,8640
CXCL10,1,0,379,211,['DIARRHEA'],1,1,0,1649
PPARG,1,0,378,433,"['MUSCLE ACHE', 'ABNORMAL LIVER ENZYMES', 'DIARRHEA']",3,3,0,3570
AHSA1,0,0,377,803,['DIARRHEA'],1,1,0,4246
GPI,0,0,376,658,"['HEADACHE', 'FATIGUE', 'DIARRHEA']",3,3,3,3194
RHOA,0,0,376,615,['DIARRHEA'],1,1,0,3727
BCR,0,0,375,515,"['FATIGUE', 'DIARRHEA']",2,2,0,2927
HIF1A,0,0,375,729,['DIARRHEA'],1,1,0,2581
STAT1,1,0,374,349,"['DIARRHEA', 'DIARRHEA']",2,1,0,1706
HSPA5,1,0,374,535,['DIARRHEA'],1,1,0,1945
ISG20,0,0,372,833,['DIARRHEA'],1,1,0,2277
STAT6,0,0,372,369,"['DIARRHEA', 'DIARRHEA']",2,1,0,1858
IRF3,1,0,370,517,['DIARRHEA'],1,1,0,1479
SQSTM1,0,0,368,610,"['FATIGUE', 'DIARRHEA']",2,2,0,2319
CP,0,0,368,426,['DIARRHEA'],1,1,0,2682
CREB1,0,0,368,633,['ANOREXIA'],1,1,1,3386
APEX1,0,0,367,469,['DIARRHEA'],1,1,0,2170
SOCS3,0,0,366,514,['DIARRHEA'],1,1,0,1703
IL1B,1,0,362,247,"['DIARRHEA', 'DIARRHEA', 'ANOREXIA']",3,2,0,1910
EPO,0,0,361,578,"['FATIGUE', 'DIARRHEA']",2,2,0,2296
HSPB1,0,0,359,471,['DIARRHEA'],1,1,0,1918
ADA,0,0,359,555,"['DIARRHEA', 'DIARRHEA', 'DIARRHEA']",3,1,34,2226
TCEAL1,0,0,357,1271,['DIARRHEA'],1,1,0,6080
HLA-E,0,0,355,705,"['FATIGUE', 'DIARRHEA']",2,2,1,2038
TNFRSF10B,0,0,355,872,"['HEADACHE', 'DIARRHEA']",2,2,1,2356
VCAM1,0,0,354,245,['DIARRHEA'],1,1,0,1212
EGR1,0,0,353,531,['DIARRHEA'],1,1,0,2596
CSF2,1,0,352,194,['DIARRHEA'],1,1,0,1413
CD34,0,0,350,408,['DIARRHEA'],1,1,0,2421
CTNNB1,0,0,349,362,"['ABNORMAL LIVER ENZYMES', 'HEADACHE', 'FATIGUE', 'ANOREXIA', 'DIARRHEA', 'MUSCLE ACHE']",6,6,0,1840
TLR2,1,0,349,208,['DIARRHEA'],1,1,0,1388
ITGB2,0,0,348,481,['DIARRHEA'],1,1,0,1925
AHR,0,0,347,556,"['COUGHING', 'DIARRHEA']",2,2,1,2467
SMAD3,0,0,347,491,"['COUGHING UP BLOOD', 'HEADACHE', 'DIARRHEA']",3,3,0,2636
CCL3,1,0,345,315,['DIARRHEA'],1,1,0,1285
CD80,0,0,345,411,['DIARRHEA'],1,1,0,1799
PIK3R1,0,0,344,356,"['COUGH', 'FATIGUE', 'DIARRHEA', 'DIARRHEA']",4,3,0,1989
CX3CL1,0,0,342,327,"['HEADACHE', 'DIARRHEA']",2,2,1,1254
MSC,0,0,340,533,['DIARRHEA'],1,1,0,2671
APCS,0,0,338,398,['DIARRHEA'],1,1,0,2395
CD19,1,0,337,339,"['ABNORMAL LIVER ENZYMES', 'DIARRHEA']",2,2,0,1732
CSH1,0,0,337,491,['DIARRHEA'],1,1,0,2605
TRIM25,0,0,331,149,['DIARRHEA'],1,1,0,595
KITLG,0,0,330,325,['DIARRHEA'],1,1,0,2915
CD36,0,0,330,435,['DIARRHEA'],1,1,0,2284
RHOD,0,0,330,671,"['ANOREXIA', 'ANOREXIA', 'DIARRHEA']",3,2,1,3456
TAT,0,0,328,703,['DIARRHEA'],1,1,1,2926
IL9,1,0,327,308,"['DIARRHEA', 'DIARRHEA']",2,1,0,1817
ELANE,1,0,327,377,"['FATIGUE', 'DIARRHEA', 'FATIGUE', 'DIARRHEA']",4,2,1,1999
BIRC3,0,0,326,300,['DIARRHEA'],1,1,0,1131
UBC,0,0,325,422,['DIARRHEA'],1,1,0,1039
FOXP3,0,0,325,271,"['DIARRHEA', 'DIARRHEA', 'ABNORMAL LIVER ENZYMES', 'BREATHING DIFFICULTIES', 'DIARRHEA']",5,3,5,1831
ITGAX,1,0,324,286,['DIARRHEA'],1,1,0,1561
MDM2,0,0,323,1054,['DIARRHEA'],1,1,0,4363
RPSA,0,0,322,361,['DIARRHEA'],1,1,0,3054
PTPN6,0,0,322,377,['FATIGUE'],1,1,1,1738
CCL20,1,0,322,304,['DIARRHEA'],1,1,0,1248
IGF1,0,0,321,327,['FATIGUE'],1,1,1,2380
TF,0,0,321,375,['DIARRHEA'],1,1,0,2821
S100A9,0,0,320,412,['DIARRHEA'],1,1,0,2014
HDAC1,0,0,318,471,['DIARRHEA'],1,1,0,4440
NOD2,0,0,318,127,"['DIARRHEA', 'DIARRHEA']",2,1,0,3238
XK,0,0,318,693,"['COUGHING', 'FATIGUE']",2,2,2,2041
IFI27,0,0,315,627,['DIARRHEA'],1,1,0,3375
HLA-DRB1,0,0,315,731,['DIARRHEA'],1,1,0,1472
FYN,0,0,315,379,['DIARRHEA'],1,1,0,2216
CNR1,0,0,315,351,"['NAUSEA', 'DIARRHEA']",2,2,1,3736
CCK,0,0,312,453,"['NAUSEA', 'ANOREXIA', 'ANOREXIA', 'ANOREXIA', 'ANOREXIA', 'ANOREXIA']",6,2,27,2692
VWF,1,0,312,376,['DIARRHEA'],1,1,0,1607
HSPA8,0,0,311,384,['DIARRHEA'],1,1,0,1188
CD69,0,0,311,358,['DIARRHEA'],1,1,0,1339
IL3,0,0,311,363,['DIARRHEA'],1,1,0,1888
PPBP,0,0,311,293,['DIARRHEA'],1,1,0,1312
PHB,0,0,310,284,['DIARRHEA'],1,1,0,1245
KLK3,0,0,309,775,['DIARRHEA'],1,1,0,2156
NOTCH1,0,0,309,448,"['DECREASED BLOOD LEUKOCYTE NUMBER', 'DIARRHEA']",2,2,0,2816
AGER,0,0,309,413,['DIARRHEA'],1,1,0,1445
FGFR1,0,0,308,313,"['BREATHING DIFFICULTIES', 'BREATHING DIFFICULTIES', 'FATIGUE', 'FATIGUE', 'DIARRHEA', 'DIARRHEA']",6,3,3,5023
EIF2AK2,0,0,307,472,['DIARRHEA'],1,1,0,1454
IKBKG,0,0,307,466,['DIARRHEA'],1,1,0,1412
CBL,0,0,306,458,"['FATIGUE', 'ANOREXIA', 'DIARRHEA', 'DECREASED BLOOD LEUKOCYTE NUMBER', 'DIARRHEA']",5,4,0,1720
TFRC,0,0,306,450,"['FATIGUE', 'DIARRHEA']",2,2,1,2079
CD8A,1,0,306,501,"['DIARRHEA', 'DIARRHEA']",2,1,1,1380
NCAM1,1,0,305,395,['DIARRHEA'],1,1,0,1684
NR3C1,0,0,304,302,"['FATIGUE', 'DIARRHEA', 'DIARRHEA']",3,2,1,2284
IRF1,0,0,304,292,['DIARRHEA'],1,1,0,1394
CDK2,0,0,304,336,['DIARRHEA'],1,1,0,3378
BCL2,0,0,303,787,['DIARRHEA'],1,1,0,4482
